Eltphggosn,Ocqjctp,Iclsgatz,Bmjde,Gpnstj,Dbjey,266146,Hpkqtdf,www.eblwwmgr.com,4413388123,8642539158,23-06-1987,
Ehfgzlyt,Dfawdzw,Yrwae,Wvmskp,Htyqluk,Uhiuz,623857,Zhsutg,www.axxahdid.com,3686792362,4365487862,23-06-1988,5-12-2017
Gdlbyeflr,Nsybrsmx,Cpizkkp,Wjesprudd,Wxzial,Mcfcpt,643129,Boqjxi,www.vqpnbdtk.com,8647949653,1144467223,23-06-1989,
Txckzere,Xpnusxn,Ofqdh,Mrbttq,Qkwse,Mzqvv,757216,Fgoyz,www.dxsswmyc.com,2738915672,1685712256,23-06-1990,5-12-2017
Ciyqudo,Aprakn,Fnblexofef,Ifnxdmiqis,Fbihf,Qinwuj,166618,Kafqrai,www.frqgjmrdbc.com,7269148481,5876657735,23-06-1991,
Wztfl,Xvjffggkon,Aqvqdcur,Rpqma,Ebfpvq,Zpwdenp,973927,Hksjdfjcd,www.eozatlii.com,5848863834,7212411786,23-06-1992,
Crkgyjbxe,Yhpeuzfz,Qvaswl,Rcpuvnbjn,Gkorh,Thpztdlfe,545614,Hkidyk,www.ipsau.com,6974364612,4684598664,23-06-1993,5-12-1987
Bumuhmj,Xgdmy,Eiixzpzfov,Eevkzdcl,Frodax,Sjhpnzs,311657,Imwwg,www.rbxmzkx.com,1216637144,9729181919,23-06-1994,
Cndzzplxp,Nsgjy,Hhnhozk,Lplwyb,Eeouxlus,Rujud,979398,Cmsxrzc,www.hqela.com,6432142693,7551572437,23-06-1995,
Favog,Zbbxourw,Yhykotlu,Yyywmprs,Oeoxzumor,Pfzqbtgpp,878191,Otreby,www.thvdub.com,1139749321,7739962573,23-06-1996,
